modelo,marca,categoria,genero,precio,precio_soles
Zapatillas Deportivas Skechers Hombres 58363-Bbk Dynamight 2 0,Skechers,Deportivas,Hombres,S/ 168.90,S/ 168.90
Zapatillas Urbanas R18 Mujeres R18-Xw006,R18,Urbanas,Mujeres,S/ 139.90,S/ 139.90
Zapatillas Urbanas R18 Niños R18K-Xw0017,R18,Urbanas,Niños,S/ 111.90,S/ 111.90
Zapatillas Urbanas R18 Niñas R18K-Xw0018,R18,Urbanas,Niñas,S/ 39.90,S/ 39.90
Zapatillas Deportivas R18 Mujeres R18-Bt00269,R18,Deportivas,Mujeres,S/ 153.90,S/ 153.90
Zapatillas Urbanas R18 Hombres R18-Xw005,R18,Urbanas,Hombres,S/ 139.90,S/ 139.90
Zapatillas Urbanas R18 Hombres R18-Mg00004,R18,Urbanas,Hombres,S/ 181.90,S/ 181.90
Zapatillas Outdoor R18 Mujeres R18-Xw033,R18,Outdoor,Mujeres,S/ 181.90,S/ 181.90
Zapatillas Outdoor R18 Hombres R18-Xw032,R18,Outdoor,Hombres,S/ 181.90,S/ 181.90
Zapatillas Urbanas R18 Mujeres R18-Ad00262,R18,Urbanas,Mujeres,S/ 153.90,S/ 153.90
Zapatillas Outdoor R18 Niños R18K-Wt00010,R18,Outdoor,Niños,S/ 104.90,S/ 104.90
Zapatillas Urbanas R18 Mujeres R18-Ad00264,R18,Urbanas,Mujeres,S/ 160.90,S/ 160.90
Zapatillas de Futbol Adidas Hombres Ji1108 Predator Essentials 25 5 Tf,Futbol,de,Adidas,S/ 149.00,S/ 149.00
Zapatillas Urbanas Adidas Mujeres Jq8222 Courtblock,Adidas,Urbanas,Mujeres,S/ 146.90,S/ 146.90
Zapatillas Urbanas Adidas Mujeres Id3886 Advantage Base 2,Adidas,Urbanas,Mujeres,S/ 159.00,S/ 159.00
Zapatillas de Futbol Adidas Hombres Ji0025 F50 Club Tf Liq,Futbol,de,Adidas,S/ 149.90,S/ 149.90
Zapatillas de Futbol Adidas Unisex infantil Ji1104 Predator Essentials 25 5 Tf J,Futbol,de,Adidas,S/ 139.00,S/ 139.00
Zapatillas Urbanas Adidas Hombres Ie8899 Ultimashow 2 0,Adidas,Urbanas,Hombres,S/ 199.00,S/ 199.00
Zapatillas Urbanas Adidas Unisex infantil Jq1862 Tensaur Sport 3 K,Adidas,Urbanas,Unisex,S/ 119.90,S/ 119.90
Zapatillas Urbanas Adidas Hombres Ih6187 Grand Court Base 00S,Adidas,Urbanas,Hombres,S/ 229.00,S/ 229.00
Zapatillas Urbanas Skechers Mujeres 177291-Blk Uno Lite,Skechers,Urbanas,Mujeres,S/ 249.00,S/ 249.00
Zapatillas Running Skechers Mujeres 128606-Gylv Go Run Consistent 2,Skechers,Running,Mujeres,S/ 239.00,S/ 239.00
Zapatillas Running Adidas Hombres Jq2540 Response Runner U,Adidas,Running,Hombres,S/ 151.90,S/ 151.90
Zapatillas Urbanas Skechers Mujeres 177291-Blsh Uno Lite,Skechers,Urbanas,Mujeres,S/ 174.90,S/ 174.90
Zapatillas Escolares R18 Unisex Junior R18K-Cd00023,R18,Escolares,Unisex,S/ 83.90,S/ 83.90
Zapatillas Escolar R18 Unisex Pre Escolar R18K-Cd00030,R18,Escolar,Unisex,S/ 76.90,S/ 76.90
Zapatillas Escolares R18 Unisex Pre Escolar R18K-Cd00033,R18,Escolares,Unisex,S/ 76.90,S/ 76.90
Zapatillas Escolares R18 Unisex Junior R18K-Cd00036,R18,Escolares,Unisex,S/ 83.90,S/ 83.90
Zapatillas Escolar R18 Unisex R18K-Cd00029,R18,Escolar,Unisex,S/ 69.90,S/ 69.90
Zapatillas Escolares R18 Unisex Junior R18K-Cd00031,R18,Escolares,Unisex,S/ 83.90,S/ 83.90
Zapatillas Urbanas Adidas Hombres Jp8275 Streetalk,Adidas,Urbanas,Hombres,S/ 209.00,S/ 209.00
Zapatillas Urbanas Puma Hombres 402597 02 Shuffle Downtown Sd,Puma,Urbanas,Hombres,S/ 249.00,S/ 249.00
Zapatillas Urbanas Puma Mujeres 397675 14 R78 Disrupt,Puma,Urbanas,Mujeres,S/ 249.00,S/ 249.00
Zapatillas Urbanas Puma Hombres 402596 02 Shuffle Downtown,Puma,Urbanas,Hombres,S/ 219.00,S/ 219.00
Zapatillas Deportivas Puma Hombres 310778 21 Pounce Lite,Puma,Deportivas,Hombres,S/ 171.90,S/ 171.90
Zapatillas Urbanas Puma Mujeres 400735 01 Court Lally Skye Sd,Puma,Urbanas,Mujeres,S/ 249.00,S/ 249.00
Zapatillas Casuales Childrens Club Niñas 2Mn885 Minni Flyknit,Childrens,Casuales,Club,S/ 69.90,S/ 69.90
Zapatillas Casuales Childrens Club Niñas 2Ar106 Barbie,Childrens,Casuales,Club,S/ 109.90,S/ 109.90
Zapatillas Casuales Childrens Club Niños 2Sn113 Spiderman,Childrens,Casuales,Club,S/ 99.90,S/ 99.90
Zapatillas Casuales Footloose Kids Niños Ftk-Cd00002,Footloose,Casuales,Kids,S/ 55.90,S/ 55.90
Zapatillas Casuales Footloose Kids Niños Ftk-Cd00003,Footloose,Casuales,Kids,S/ 49.90,S/ 49.90
Zapatillas Deportivas Adidas Hombres Jp6930 Runblaze M,Adidas,Deportivas,Hombres,S/ 143.90,S/ 143.90
Zapatillas Deportivas Puma Mujeres 313248 07 Skyrocket Lite 2 Alt Wns,Puma,Deportivas,Mujeres,S/ 199.00,S/ 199.00
Zapatillas Urbanas Adidas Unisex Infantil Ie8688 Advantage Base 2 0,Adidas,Urbanas,Unisex,S/ 159.00,S/ 159.00
Zapatillas Urbanas Adidas Unisex Infantil Ie9020 Advantage Base 2 0 Cf C,Adidas,Urbanas,Unisex,S/ 149.00,S/ 149.00
Zapatillas Deportivas Adidas Unisex Infantil Jp9641 Tensaur Run 3 0,Adidas,Deportivas,Unisex,S/ 189.00,S/ 189.00
Zapatillas Deportivas Puma Hombres 311730 02 Skyrocket Lite 2,Puma,Deportivas,Hombres,S/ 199.00,S/ 199.00
Zapatillas Urbanas Puma Mujeres 397675 01 R78 Disrupt,Puma,Urbanas,Mujeres,S/ 249.00,S/ 249.00
Zapatillas Urbanas R18 Hombres R18-Wt00023,R18,Urbanas,Hombres,S/ 178.90,S/ 178.90
Zapatillas Urbanas R18 Unisex Infantil R18K-Wt00003,R18,Urbanas,Unisex,S/ 125.90,S/ 125.90
Zapatillas Urbanas Skechers Mujeres 177510-Blk Zinger,Skechers,Urbanas,Mujeres,S/ 239.00,S/ 239.00
Zapatillas Urbanas R18 Niñas R18K-Wt00001,R18,Urbanas,Niñas,S/ 79.90,S/ 79.90
Zapatillas Urbanas R18 Niños R18K-Wt00003,R18,Urbanas,Niños,S/ 89.90,S/ 89.90
Zapatillas Deportivas Adidas Hombres Ki6134 Runblaze M,Adidas,Deportivas,Hombres,S/ 179.00,S/ 179.00
Zapatillas Deportivas R18 Hombres R18-Bt00002,R18,Deportivas,Hombres,S/ 181.90,S/ 181.90
Zapatillas Urbanas Adidas Niños Jq1842 Tensaur Sport 3 Cf K,Adidas,Urbanas,Niños,S/ 149.00,S/ 149.00
Zapatillas Deportivas R18 Hombres R18-Bt00003,R18,Deportivas,Hombres,S/ 181.90,S/ 181.90
Zapatillas Urbanas R18 Niños R18K-Qy00012,R18,Urbanas,Niños,S/ 132.90,S/ 132.90
Zapatillas Urbanas R18 Niños R18K-Wt00001,R18,Urbanas,Niños,S/ 111.90,S/ 111.90
Zapatillas Urbanas R18 Niñas R18K-Qy00014,R18,Urbanas,Niñas,S/ 89.90,S/ 89.90
Zapatillas Urbanas R18 Niñas R18K-Wt00011,R18,Urbanas,Niñas,S/ 118.90,S/ 118.90
Zapatillas Urbanas Adidas Mujeres Kj3856 Streettalk Bold,Adidas,Urbanas,Mujeres,S/ 249.00,S/ 249.00
Zapatillas Urbanas Adidas Mujeres Ji2847 Eclyptix 2000,Adidas,Urbanas,Mujeres,S/ 249.00,S/ 249.00
Zapatillas Urbanas Adidas Niños Jq1851 Tensaur Sport 3 Cf I,Adidas,Urbanas,Niños,S/ 129.00,S/ 129.00
Zapatillas Deportivas Adidas Mujeres Jp6591 Galaxy 7 W,Adidas,Deportivas,Mujeres,S/ 199.00,S/ 199.00
Zapatillas Urbanas R18 Niños R18K-Wt00012,R18,Urbanas,Niños,S/ 67.90,S/ 67.90
Zapatillas Urbanas R18 Mujeres R18-Cd00028,R18,Urbanas,Mujeres,S/ 89.90,S/ 89.90
Zapatillas Urbanas R18 Hombres R18-Wt00022,R18,Urbanas,Hombres,S/ 87.90,S/ 87.90
Zapatillas Urbanas R18 Mujeres R18-Mg00009,R18,Urbanas,Mujeres,S/ 99.90,S/ 99.90
Zapatillas Urbanas R18 Hombres R18-Cd00022,R18,Urbanas,Hombres,S/ 79.90,S/ 79.90
Zapatillas Urbanas R18 Mujeres R18-Wt00020,R18,Urbanas,Mujeres,S/ 119.90,S/ 119.90
Zapatillas Urbanas R18 Niñas R18K-Cd00014,R18,Urbanas,Niñas,S/ 94.90,S/ 94.90
Zapatillas Urbanas R18 Mujeres R18-Ad00001,R18,Urbanas,Mujeres,S/ 139.90,S/ 139.90
Zapatillas Urbanas 2Change Mujeres 2Ch-Cd00005,2Change,Urbanas,Mujeres,S/ 149.90,S/ 149.90
Zapatillas Urbanas R18 Niñas R18K-Cd00013,R18,Urbanas,Niñas,S/ 94.90,S/ 94.90
Zapatillas Urbanas R18 Niños R18K-Cd00009,R18,Urbanas,Niños,S/ 49.90,S/ 49.90
Zapatillas Urbanas R18 Niñas R18K-Cd00012,R18,Urbanas,Niñas,S/ 71.90,S/ 71.90
Zapatillas Urbanas R18 Niños R18K-Qy00011,R18,Urbanas,Niños,S/ 139.90,S/ 139.90
Zapatillas Deportivas Skechers Mujeres 124640-Mve Go Walk Joy,Skechers,Deportivas,Mujeres,S/ 229.00,S/ 229.00
Zapatillas Deportivas Puma Hombres 311731 08 Skyrocket Lite 2 Alt,Puma,Deportivas,Hombres,S/ 199.00,S/ 199.00
Zapatillas Deportivas Puma Mujeres 311728 11 Cell Thrill Dash,Puma,Deportivas,Mujeres,S/ 249.00,S/ 249.00
Zapatillas Deportivas Puma Hombres 311730 08 Skyrocket Lite 2,Puma,Deportivas,Hombres,S/ 199.00,S/ 199.00
Zapatillas Deportivas Puma Hombres 310093 30 Flexfocus Lite Modern,Puma,Deportivas,Hombres,S/ 151.90,S/ 151.90
Zapatillas Deportivas Puma Hombres 311730 18 Skyrocket Lite 2,Puma,Deportivas,Hombres,S/ 199.00,S/ 199.00
Zapatillas Urbanas Adidas Unisex Infantil Id3888 Advantage Base 2,Adidas,Urbanas,Unisex,S/ 159.00,S/ 159.00
Zapatillas Urbanas R18 Niñas R18K-Xw0042,R18,Urbanas,Niñas,S/ 71.90,S/ 71.90
Zapatillas Urbanas R18 Hombres R18-Rn00305,R18,Urbanas,Hombres,S/ 89.90,S/ 89.90
Zapatillas Urbanas R18 Mujeres R18-Cd00212,R18,Urbanas,Mujeres,S/ 93.90,S/ 93.90
Zapatillas Urbanas R18 Niñas R18K-Rn0044,R18,Urbanas,Niñas,S/ 75.90,S/ 75.90
Zapatillas Urbanas R18 Hombres R18-Cd00219,R18,Urbanas,Hombres,S/ 93.90,S/ 93.90
Zapatillas Urbano Puma Mujeres 383023 23 Vikky V3,Puma,Urbano,Mujeres,S/ 167.90,S/ 167.90
Zapatillas Urbano Puma Hombres 395018 19 Court Classic,Puma,Urbano,Hombres,S/ 167.90,S/ 167.90
Zapatillas Running Puma Hombres 309973 15 Cell Glare,Puma,Running,Hombres,S/ 186.90,S/ 186.90
Zapatillas Urbano Puma Hombres 400284 02 Court Classico,Puma,Urbano,Hombres,S/ 160.90,S/ 160.90
Zapatillas Deportivo Puma Mujeres 310778 14 Pounce Lite,Puma,Deportivo,Mujeres,S/ 229.00,S/ 229.00
Zapatillas Urbanas R18 Niñas R18K-Qy0014,R18,Urbanas,Niñas,S/ 47.90,S/ 47.90
Zapatillas Urbanas R18 Pre Escolar R18K-Cd0002,R18,Urbanas,Pre,S/ 55.90,S/ 55.90
Zapatillas Deportivas R18 Pre Escolar R18K-Xw0057,R18,Deportivas,Pre,S/ 63.90,S/ 63.90
Zapatillas Running R18 Mujeres R18-Bt00268,R18,Running,Mujeres,S/ 153.90,S/ 153.90
Zapatillas Deportivas R18 Junior R18K-Xw0058,R18,Deportivas,Junior,S/ 67.90,S/ 67.90
Zapatillas Urbanas Puma Hombres 395104 04 Puma Club 5V5 Sd,Puma,Urbanas,Hombres,S/ 174.90,S/ 174.90
Zapatillas Urbanas Puma Mujeres 401622 08 St Miler,Puma,Urbanas,Mujeres,S/ 174.90,S/ 174.90
Zapatillas Urbanas Puma Mujeres 401616 01 Carina 3.0 Bold Elegance,Puma,Urbanas,Mujeres,S/ 160.90,S/ 160.90
Zapatillas Urbano R18 Hombres R18-Cd00221,R18,Urbano,Hombres,S/ 79.90,S/ 79.90
Zapatillas Urbanas R18 Mujeres R18-Cd00205,R18,Urbanas,Mujeres,S/ 139.90,S/ 139.90
Zapatillas Deportivas Adidas Hombres Ih8218 Duramo Sl2 M,Adidas,Deportivas,Hombres,S/ 229.00,S/ 229.00
Zapatillas Urbanas Adidas Junior Ji1055 Tensaur Switch J,Adidas,Urbanas,Junior,S/ 126.90,S/ 126.90
Zapatillas Deportivas Adidas Hombres Ih7758 Runfalcon 5,Adidas,Deportivas,Hombres,S/ 199.00,S/ 199.00
Zapatillas Running Adidas Mujeres Jq8651 Latin Run 2 0,Adidas,Running,Mujeres,S/ 143.90,S/ 143.90
Zapatillas Casuales Renzo Renzini Hombres Rrz-Pi0003,Renzo,Casuales,Renzini,S/ 59.90,S/ 59.90
Zapatillas Casuales Renzo Renzini Hombres Rrz-Pi0002,Renzo,Casuales,Renzini,S/ 79.90,S/ 79.90
Zapatillas Casuales Renzo Renzini Hombres Rrz-Cc0015 Cuero,Renzo,Casuales,Renzini,S/ 109.90,S/ 109.90
Zapatillas Casuales Renzo Renzini Hombres Rrz-Cc0009 Cuero,Renzo,Casuales,Renzini,S/ 99.90,S/ 99.90
Zapatillas Urbanas R18 Mujeres R18-Xw00232,R18,Urbanas,Mujeres,S/ 89.90,S/ 89.90
